Sección	Categoría	Producto	Orden	Archivo	Portada
Obras Disponibles	Floreros y Macetas	Florero Dodecaedro	1	Florero Dodecaedro.png	Sí
Obras Disponibles	Floreros y Macetas	Florero Dodecaedro	2	Florero.jpeg	No
Obras Disponibles	Floreros y Macetas	Florero Dodecaedro	3	Florero Geometrico.png	No
Obras Disponibles	Floreros y Macetas	Florero Minimalista	1	Florero Minimalista con Flores.png	Sí
Obras Disponibles	Floreros y Macetas	Florero Minimalista	2	Florero 2a.png	No
Obras Disponibles	Floreros y Macetas	Florero Minimalista	3	Florero 2b.png	No
Obras Disponibles	Floreros y Macetas	Florero Minimalista	4	Florero 2c.png	No
Obras Disponibles	Floreros y Macetas	Florero Minimalista	5	Florero 2d.png	No
Obras Disponibles	Bowls y Ensaladeras	Bowl Amarillo	1	Ensaladera verde.png	Sí
Obras Disponibles	Bowls y Ensaladeras	Bowl Amarillo	2	Ensaladera Verde a.png	No
Obras Disponibles	Bowls y Ensaladeras	Bowl Amarillo	3	Ensaladera Verde b.png	No
Obras Disponibles	Bowls y Ensaladeras	Ensaladera torneada	1	Ensaladera 1a.png	Sí
Obras Disponibles	Bowls y Ensaladeras	Ensaladera torneada	2	Ensaladera 1b.png	No
Obras Disponibles	Bowls y Ensaladeras	Ensaladera torneada	3	Ensaladera 1c.png	No
Obras Disponibles	Bowls y Ensaladeras	Bowl Café	1	Bowl Cafe a.png	Sí
Obras Disponibles	Bowls y Ensaladeras	Bowl Café	2	Bowl café con cuchara.png	No
Obras Disponibles	Bowls y Ensaladeras	Bowl Café	3	Bowl Cafe b.png	No
Obras Disponibles	Bowls y Ensaladeras	Bowl Café	4	Bowl Cafe c.png	No
Obras Disponibles	Bowls y Ensaladeras	Bowl Café	5	Bowl Cafe d.png	No
Obras Disponibles	Tazas	Taza con mensaje	1	Taza 1a.png	Sí
Obras Disponibles	Tazas	Taza con mensaje	2	Taza 1b.png	No
Obras Disponibles	Tazas	Taza Azul para café express	1	Taza 2a.png	Sí
Obras Disponibles	Tazas	Taza Azul para café express	2	Taza 2b.png	No
Obras Disponibles	Tazas	Taza Azul	1	Taza 3a.png	Sí
Obras Disponibles	Tazas	Taza Azul	2	Taza 3b.png	No
Obras Disponibles	Tazas	Taza Azul	3	Taza 3c.png	No
Obras Disponibles	Tazas	Taza Café para café express	1	Taza 4b.png	Sí
Obras Disponibles	Tazas	Taza Café para café express	2	Taza 4a.png	No
Obras Disponibles	Tazas	Tazón con Pescados	1	Tazon 1c.png	Sí
Obras Disponibles	Tazas	Tazón con Pescados	2	Tazon 1a.png	No
Obras Disponibles	Tazas	Tazón con Pescados	3	Tazon 1b.png	No
Obras Disponibles	Tazas	Tazón con Ballena	1	Tazon 2a.png	Sí
Obras Disponibles	Tazas	Tazón con Ballena	2	Tazon 2b.png	No
Obras Disponibles	Escultóricos	Adorno Negro	1	Florero Negro.png	Sí
Obras Disponibles	Escultóricos	Adorno Negro	2	Florero Negro 2.png	No
Obras Disponibles	Escultóricos	Adorno Negro	3	Florero Negro 1.png	No
Obras Disponibles	Escultóricos	Adorno Negro	4	Florero Negro 3.png	No
Obras Disponibles	Escultóricos	Adorno Bicolor	1	Adorno 3a.png	Sí
Obras Disponibles	Escultóricos	Adorno Bicolor	2	Adorno 3b.png	No
Obras Disponibles	Escultóricos	Adorno Bicolor	3	Adorno 3c.png	No
Obras Disponibles	Otros	Adorno Terracota	1	Bowl Terracota a.png	Sí
Obras Disponibles	Otros	Adorno Terracota	2	Bowl Terracota b.png	No
Obras Disponibles	Otros	Adorno Terracota	3	Bowl Terracota c.png	No
Obras Disponibles	Otros	Joyero para buró	1	Joyero con Lentes.png	Sí
Obras Disponibles	Otros	Joyero para buró	2	Joyero en Buro.png	No
Obras Disponibles	Otros	Joyero para buró	3	Descansa Lentes a.png	No
Obras Disponibles	Otros	Joyero para buró	4	Descansa Lentes b.png	No
Obras Disponibles	Otros	Joyero para buró	5	Descansa Lentes c.png	No
Obras Disponibles	Otros	Tequilero	1	Tequilero 1a.png	Sí
Obras Disponibles	Otros	Tequilero	2	Tequilero 1b.png	No
Obras Disponibles	Otros	Tequilero	3	Tequilero 1c.png	No
Obras Disponibles	Otros	Tequilero	4	Tequilero 1d.png	No
Sobre Pedido		Frases en Cerámica	1	Frases en Ceramica.png	Sí
Sobre Pedido		Iniciales	1	Letra e.png	Sí
Sobre Pedido		Iniciales	2	letra en sala.png	No
Sobre Pedido		Botanero	1	Botanero.png	Sí
Sobre Pedido		Adornos en Cerámica	1	Adornos en ceramica.png	Sí
Sobre Pedido		Cuadro para Sala	1	Cuadro para sala.png	Sí
Sobre Pedido		Árboles Navideńos	1	Pinos navidenos.png	Sí
